Trip ID,Taxi ID,Trip Start Timestamp,Trip End Timestamp,Trip Seconds,Trip Miles,Pickup Census Tract,Dropoff Census Tract,Pickup Community Area,Dropoff Community Area,Fare,Tips,Tolls,Extras,Trip Total,Payment Type,Company,Pickup Centroid Latitude,Pickup Centroid Longitude,Pickup Centroid Location,Dropoff Centroid Latitude,Dropoff Centroid Longitude,Dropoff Centroid  Location
201a6702e802acdb7659a2f1a3f6018cbe7933f0,5067aae3d9e1474101b1df5c6b7fe79389e429ea7d820315b964dade113f9db00fd09bdaae86c17e22b9e197059dbc86b2c7e36ce25358737993f757f0b26e94,06/01/2022 12:00:00 AM,06/01/2022 12:00:00 AM,445,2.42,,,28,8,11.00,2.59,0.00,0.00,13.59,Mobile,Flash Cab,41.874005383,-87.66351755,POINT (-87.6635175498 41.874005383),41.899602111,-87.633308037,POINT (-87.6333080367 41.899602111)
944074994bcd0f418645d42f515d022e3c870acb,1bb291b27cad860cc5e09ee3aea1261128edd297b00374adfcc6e40321f6310ee5b8472821d03d84ae58d1c7773410fd3c81cafd92ff2f3a1534df351322a0a5,06/01/2022 12:00:00 AM,06/01/2022 12:15:00 AM,1625,18.15,,,76,8,44.75,0.00,0.00,4.00,48.75,Cash,Sun Taxi,41.980264315,-87.913624596,POINT (-87.913624596 41.9802643146),41.899602111,-87.633308037,POINT (-87.6333080367 41.899602111)
9ae53da6993ff87edc8e0628af16635711b73975,561fbb8af15689fe33fb11b96905cfb95d11ac44700c1a476e474b9b19d4dc24fec8cbfe3df913dc2ee78f919bd0b1cb416be0bc3b0a431d4335bfae2df63278,06/01/2022 12:00:00 AM,06/01/2022 12:00:00 AM,255,0.83,,,8,28,10.00,4.00,0.00,0.00,14.50,Credit Card,Flash Cab,41.899602111,-87.633308037,POINT (-87.6333080367 41.899602111),41.874005383,-87.66351755,POINT (-87.6635175498 41.874005383)
13ec31a50f987de34570c605fa728f2a48b039fc,0fdba89b60c4f920c7a24fafbaf5d47f93026b492de33ac3fc16159156479dc43275ae80fda3ace17dd0760609589cc3dad3e70a47a100aa22f1bc9a2b783b06,06/01/2022 12:00:00 AM,06/01/2022 12:30:00 AM,1722,13.25,,,76,77,33.75,5.74,0.00,4.00,43.99,Credit Card,Star North Taxi Management Llc,41.980264315,-87.913624596,POINT (-87.913624596 41.9802643146),41.9867118,-87.663416405,POINT (-87.6634164054 41.9867117999)
1c7bca9bd2ea43f4b2bcf72ba52654b295d5973b,e2d8418fcdb061eee0a4318fba0a6a1200aaff0143feb0a74c7175a02ec7afca09f8c24de278cd0dee124d29dbfb2796407d069b90dfc13353d5d4ed02ecb0d5,06/01/2022 12:00:00 AM,06/01/2022 12:00:00 AM,414,0.93,,,6,6,11.00,1.93,0.00,0.00,12.93,Mobile,Chicago Independents,41.944226601,-87.655998182,POINT (-87.6559981815 41.9442266014),41.944226601,-87.655998182,POINT (-87.6559981815 41.9442266014)
231996482345933e1871015d8967b2b7f0d6b6ee,42bfc19863617733aaa5ef96de670e3307690921a42d3df9e13ff7a35fa621088d7656cf297d3bb44306fa4ebc03bc631afc3c050b0562dea4b0b833e85818d2,06/01/2022 12:00:00 AM,06/01/2022 12:30:00 AM,2613,0,,,8,8,17.50,0.00,0.00,0.00,17.50,Cash,Sun Taxi,41.899602111,-87.633308037,POINT (-87.6333080367 41.899602111),41.899602111,-87.633308037,POINT (-87.6333080367 41.899602111)
26999f035a388e54073d0d5cc4925c3792c360ae,0e4b7d65d1783bec4e8d024b4eb2ef8dc661af329a18f7a0a677c3e3caa661553fc0c70ac881b296d7b4831a8f0f34ad3879aac8d9ae2d5ffe62a1f8b43325ca,06/01/2022 12:00:00 AM,06/01/2022 12:00:00 AM,600,2.9,,,11,14,10.25,0.00,0.00,0.00,10.25,Cash,Taxi Affiliation Services,41.978829526,-87.771166703,POINT (-87.771166703 41.9788295262),41.968069,-87.721559063,POINT (-87.7215590627 41.968069)
2cf4234f28a23718fc6132e1492ba863ed238808,356744753023949fa63be6a6d7e0aef31f2d50dd3b0258449c6b8b6d277765da6955b1ef88c72ca79a9db0d3c20b162fce7cd9ec113b49da61c12c2c546915d4,06/01/2022 12:00:00 AM,06/01/2022 12:15:00 AM,929,2.24,,,49,51,11.50,0.00,0.00,0.00,11.50,Prcard,Flash Cab,41.706587882,-87.623366512,POINT (-87.6233665115 41.7065878819),41.690633347,-87.570058269,POINT (-87.5700582686 41.6906333472)
2d736cddf52316eb2ca6e42355773f06cd2a9c41,16c0058a9dec4071ca1a3eedf10a184abdf86cde941d1274a1cf9e7a69c49f71174b7df0634134f3c087b8fb50e67836e72c1fdcb6dc1d818f9cc58cdddbd9d5,06/01/2022 12:00:00 AM,06/01/2022 12:30:00 AM,2222,19.19,,,76,,47.50,10.80,0.00,6.00,64.80,Mobile,Star North Taxi Management Llc,41.980264315,-87.913624596,POINT (-87.913624596 41.9802643146),,,
3227c49b29c092f048a7a65b795deebd1b4ac269,8942c504d38b52d769ac1800e8c7dde070687626dcae14d708c2fcc98e3f7a9fd7b7501543a9203f37d49eeba4aef40729e51cc2009b154cb08a3aa2286fab16,06/01/2022 12:00:00 AM,06/01/2022 12:00:00 AM,0,0,,,34,34,3.25,0.00,0.00,0.00,3.25,Cash,Taxi Affiliation Services,41.842076117,-87.633973422,POINT (-87.6339734222 41.8420761168),41.842076117,-87.633973422,POINT (-87.6339734222 41.8420761168)
396b9b162111aa3b3a01606c4dbe1aefccb2d21b,2e3d5a644579e645b2f9e531459f8bc1d2c99d7312d04a6619ba199fd58f06a3f11f395dea90b0110da0ae82bbee0988cb3390b7903ba9d5c114c964a6a1b60c,06/01/2022 12:00:00 AM,06/01/2022 12:15:00 AM,1260,10.4,,,32,1,28.25,0.00,0.00,0.00,28.25,Unknown,Taxi Affiliation Services,41.878865584,-87.625192142,POINT (-87.6251921424 41.8788655841),42.009622881,-87.670166857,POINT (-87.6701668569 42.0096228806)
3ed8084c2baf020dd3a57e51e9754bd74db4a075,fa291651bedb0cd9f16d0c71824e9086553dafdc206b680150a2270162d4a58fc62e8e94d86249ee13700b74c75f56cdb807c6501a01d27b76879726b4d28c66,06/01/2022 12:00:00 AM,06/01/2022 12:15:00 AM,1055,7.47,,,6,32,23.88,5.68,0.00,0.00,29.56,Mobile,Taxicab Insurance Agency Llc,41.944226601,-87.655998182,POINT (-87.6559981815 41.9442266014),41.878865584,-87.625192142,POINT (-87.6251921424 41.8788655841)
3fa1fa97dd90a16de10cd0b6b2e7333252e3e668,b4ac2893286a7c3a55df851a3732ea65d7fb82e1da7a19f728a71651761babfd88544152301073319650be263fd4e1aabc072601e6f452daf22ceb764f8d70d5,06/01/2022 12:00:00 AM,06/01/2022 12:00:00 AM,517,2.37,,,8,28,11.00,1.94,0.00,0.00,12.94,Mobile,City Service,41.899602111,-87.633308037,POINT (-87.6333080367 41.899602111),41.874005383,-87.66351755,POINT (-87.6635175498 41.874005383)
4ae4763e8c5d4ed967cd5a3a05f00833b4a2387e,74102c0c2128df140aa219be695337041f4352aaa50cc98c29024edbcbff2522109e14582985fe99a62208957a10e872d6deab358334d79f8d9dbc01dd65730a,06/01/2022 12:00:00 AM,06/01/2022 12:30:00 AM,1298,11.4,,,8,43,30.25,0.00,0.00,0.00,30.25,Prcard,City Service,41.899602111,-87.633308037,POINT (-87.6333080367 41.899602111),41.761577908,-87.572781987,POINT (-87.5727819867 41.7615779081)
5a435f9b5b08b9d1129fe803e4196faf79906fc2,c9867d006415cbc16529555f98cdeb44cb53aeaf1d9ae7aa8edbb476b6daa416b1f5bdb56a6ea0e5c4cc2729ff8643cffc2b54ce936e90a50a138ea42fbc8a6e,06/01/2022 12:00:00 AM,06/01/2022 12:15:00 AM,1320,15.8,,,8,8,40.25,0.00,0.00,4.00,44.25,Cash,Taxi Affiliation Services,41.899602111,-87.633308037,POINT (-87.6333080367 41.899602111),41.899602111,-87.633308037,POINT (-87.6333080367 41.899602111)
6bfe565666cfb2cff85f089ca2e9e2bfb6844c9d,4adc82e6764f60eb751310764ba0d0ef62aa5e126e550aad834ddcb94ca98206dfcb7b6c28bb5973c6280844b1837654725a852253f5b78aee6ae731f80c8cd1,06/01/2022 12:00:00 AM,06/01/2022 12:00:00 AM,420,3.1,,,24,5,10.50,0.00,0.00,0.00,10.50,Cash,Taxi Affiliation Services,41.901206994,-87.676355989,POINT (-87.6763559892 41.9012069941),41.947791586,-87.683834942,POINT (-87.6838349425 41.9477915865)
80c9c86dab07e26c3370c6c97c5816f4a4323d0f,fea1ad3b44e1a049eb5b1f33d9c53ddd6cae02b095b6a16c8507d94624aab8dcfcaa2eb03f45242370f1dc88ce1f9fed5fff858de8ef863a30868f68a0626773,06/01/2022 12:00:00 AM,06/01/2022 12:30:00 AM,1740,0.8,,,76,3,37.50,8.40,0.00,4.00,49.90,Credit Card,Taxi Affiliation Services,41.980264315,-87.913624596,POINT (-87.913624596 41.9802643146),41.96581197,-87.655878786,POINT (-87.6558787862 41.96581197)
75c590f4d9fb3b0e415872c7b62e6255513f29c5,ddc301af37ee4eec4a70ce3ac1978ab0b8213660c4736e803249a72b090765e1ef6984cf55cd31547e1d4a89a682a97c07a3d75f541d31c27a87bba760ea01b3,06/01/2022 12:00:00 AM,06/01/2022 12:00:00 AM,240,0,,,28,28,5.25,0.00,0.00,0.00,5.25,Cash,Taxi Affiliation Services,41.874005383,-87.66351755,POINT (-87.6635175498 41.874005383),41.874005383,-87.66351755,POINT (-87.6635175498 41.874005383)
76f29038aa0900b4677ae8093dc83d3647e8177f,a1322b6e2287841b33658ac21ce329b9020e69cbe75bf093d61883ec280797056d058f17e66ce9f5889c00240757e75820de340e7356ce0ca534d185800f6038,06/01/2022 12:00:00 AM,06/01/2022 12:00:00 AM,0,0,,,76,76,3.25,0.00,0.00,0.00,3.25,Cash,Top Cab Affiliation,41.980264315,-87.913624596,POINT (-87.913624596 41.9802643146),41.980264315,-87.913624596,POINT (-87.913624596 41.9802643146)
78ceaa3a2d7a9e29443d7f5de3ba1f3b2d8ffbf5,6607f4be1b8737ffe33ac1f71d10d1132541d86cd00c1dfa870d51ddf9d7ebf86f5fc56e0c03ad1dc7b2be5a5ca0c0b5c993fc87c227b239c37bf6b4275a8fd7,06/01/2022 12:00:00 AM,06/01/2022 12:15:00 AM,1097,10.13,,,,35,27.00,0.00,0.00,4.00,31.00,Cash,Flash Cab,,,,41.835117986,-87.618677767,POINT (-87.6186777673 41.8351179863)
7d7808317a08aba6ca119d36e0601d1a8f2c8bb1,678095878a2306fa01b08e520d914baaf2ace4999c5118f1acfd5a144f58b2e80bc79d9007ce5bf3e7506ef733fb76067a9fc5896d56c4acd4876f0cdd9db2d7,06/01/2022 12:00:00 AM,06/01/2022 12:15:00 AM,1087,13.21,,,56,8,33.50,7.60,0.00,4.00,45.60,Credit Card,Flash Cab,41.79259236,-87.769615453,POINT (-87.7696154528 41.7925923603),41.899602111,-87.633308037,POINT (-87.6333080367 41.899602111)
99b0857fc76183e3f60fb8457765096ce5441457,c7063e6a4cb6f2b5d1ad2873ef63ec58b345feced3fb8b7bca6d4765859a70fa9ba509bfd125dfc8363a45095ac731a8bd778f861b7ca097a642e5cc88a94f77,06/01/2022 12:00:00 AM,06/01/2022 12:00:00 AM,484,3.16,,,24,7,14.25,3.39,0.00,0.00,17.64,Mobile,Blue Ribbon Taxi Association,41.901206994,-87.676355989,POINT (-87.6763559892 41.9012069941),41.922686284,-87.649488729,POINT (-87.6494887289 41.9226862843)
9d620b4a4ddf56728cd17bd4a1c83443eb096cb8,94392ee820e83f72bebb76726fcf270ae473528a67189cbbbd487ad44d63371c770790c38a39f6f79a109aa3c4715e017b9d10e992f4fe9bda1d860d464cc8e7,06/01/2022 12:00:00 AM,06/01/2022 12:15:00 AM,709,1.33,,,1,1,8.25,0.00,0.00,0.00,8.25,Cash,Medallion Leasin,42.009622881,-87.670166857,POINT (-87.6701668569 42.0096228806),42.009622881,-87.670166857,POINT (-87.6701668569 42.0096228806)
a503bb355f225edb0779d38b3ce49f426309bec5,ec56c095d0e5b779d527c06e9551ccb27b04c70e1b8d8efb43307687869ce0412747b884e1012be095f35d5a0a8775c852b7bb4a237eb5d76992fea145bb7ff6,06/01/2022 12:00:00 AM,06/01/2022 12:00:00 AM,0,0,,,6,6,3.25,2.85,0.00,10.50,16.60,Credit Card,Chicago Independents,41.944226601,-87.655998182,POINT (-87.6559981815 41.9442266014),41.944226601,-87.655998182,POINT (-87.6559981815 41.9442266014)
90b679f227bf1901ca4993b30d5fbe4643108ce8,1a1189d1e9f4f676bbeaf49903912684b94453576a234f5d936dd20a4c68663576906b385222d8e26caaacefdad8a154d7dd0cda53857350c7ea755e7a51bcfc,06/01/2022 12:00:00 AM,06/01/2022 12:15:00 AM,860,3.44,,,8,33,12.50,0.00,0.00,1.00,13.50,Cash,Sun Taxi,41.899602111,-87.633308037,POINT (-87.6333080367 41.899602111),41.857183858,-87.620334624,POINT (-87.6203346241 41.8571838585)
ad148562cd724cd9f66f5c3ff8905121e6b377e3,2c6ef81b0ba1f2bbe58cb63f171b872e9e3f53d4c34a3cea273685a97da3bf5e7711767303f028d68f735c5a7acf04d94965ffc332e389515d91ec77cd5ab6dc,06/01/2022 12:00:00 AM,06/01/2022 12:15:00 AM,1500,12,,,76,2,31.50,0.00,0.00,4.00,35.50,Cash,"Taxicab Insurance Agency, LLC",41.980264315,-87.913624596,POINT (-87.913624596 41.9802643146),42.001571027,-87.695012589,POINT (-87.6950125892 42.001571027)
b8653ac64b2b3a4cb1ebcf8f314e21e89cf7bb3e,624a6a680c34b514659e430a8c859b763e61c2cd9f0e2f076fe0b2bc6157670cf884a9fb4dca2bd996ba2ae7315f9527cb1fd3fda8e0ab7641f247bb3dfb560e,06/01/2022 12:00:00 AM,06/01/2022 12:15:00 AM,1587,16.3,,,76,7,40.50,0.00,0.00,5.00,45.50,Cash,Chicago Independents,41.980264315,-87.913624596,POINT (-87.913624596 41.9802643146),41.922686284,-87.649488729,POINT (-87.6494887289 41.9226862843)
bd978c3ddcad9299c34c2282800a31129c7ef9e7,f78d14baa2d1f80febaa17d73381c2eadb406cf4537522e111615ca2ccc9854f515cf1bb9dc9a9f48c4fdbf3e4e3adac120d6c6cc00dcd2aa715276b28bed0ad,06/01/2022 12:00:00 AM,06/01/2022 12:30:00 AM,2160,19.2,,,76,6,49.00,10.00,0.00,5.00,64.00,Credit Card,Choice Taxi Association,41.980264315,-87.913624596,POINT (-87.913624596 41.9802643146),41.944226601,-87.655998182,POINT (-87.6559981815 41.9442266014)
cd4e01f53da19e2f08f6446b33e70adb34a668d6,65b5c4f82c4a04a7a956934747a17c560f1b1ed2ec97ef2510c6b0d8abb6aadcedf79499123b951f04eba649f2399d9748968f79a22fb1110ac6eb85b8fdb084,06/01/2022 12:00:00 AM,06/01/2022 12:30:00 AM,1881,15.79,,,39,28,40.50,0.00,0.00,0.00,40.50,Prcard,Flash Cab,41.808916283,-87.596183344,POINT (-87.5961833442 41.8089162826),41.874005383,-87.66351755,POINT (-87.6635175498 41.874005383)
cf160639a6536ef5f20dcc8713e672dc2ba2f1c4,b4918e3dc616260ba3c7c57ccf5345c43f853abd067d61aaa32e4ec344d44938260d4f7ef46913aa2a3ff556b05c32e3157899097fd68b8f732d88e3dd16d8dd,06/01/2022 12:00:00 AM,06/01/2022 12:15:00 AM,1320,13.8,,,76,7,35.25,7.95,0.00,4.00,47.20,Credit Card,Taxi Affiliation Services,41.980264315,-87.913624596,POINT (-87.913624596 41.9802643146),41.922686284,-87.649488729,POINT (-87.6494887289 41.9226862843)
d25e149ef91b54bb6c29e8e322007f0938101bfe,390210c789e65184cf389dd3484688acf1956ab0c6618362f43f2f60da01b8b3a2afb54349a98fa29c22d66ef23d7dd607493da0c78794b18893cc57b8af4799,06/01/2022 12:00:00 AM,06/01/2022 12:15:00 AM,1500,1,,,76,28,41.00,10.00,0.00,5.00,56.00,Credit Card,Taxi Affiliation Services,41.980264315,-87.913624596,POINT (-87.913624596 41.9802643146),41.874005383,-87.66351755,POINT (-87.6635175498 41.874005383)
ef3ee697a98273228851f431ab2cc09ff3b8ccd2,3d4d650b0b10ca90ad2b4ac59a5f5b5f6d7bec7485211b2a41f1f63c5b83edd5b2efb7bf7290bddb0ddd12a91d0c89738767d70f47cfb1689686936a376031db,06/01/2022 12:00:00 AM,06/01/2022 12:15:00 AM,908,4.26,,,16,16,13.50,0.00,0.00,1.00,14.50,Cash,Flash Cab,41.953582125,-87.72345239,POINT (-87.7234523905 41.9535821253),41.953582125,-87.72345239,POINT (-87.7234523905 41.9535821253)
dd99b61f869dd4211f086d468784f838c6be8341,cb3bd991c2f7932527ef9d5f341674dfba53745f25fe3e05ded26ff578785bca01360ef8eed19863aff2222ef99561737af9d9a331981586e43c57b1d485c8e8,06/01/2022 12:00:00 AM,06/01/2022 12:15:00 AM,1339,15.94,,,76,24,39.50,6.75,0.00,5.00,51.75,Credit Card,Blue Ribbon Taxi Association,41.980264315,-87.913624596,POINT (-87.913624596 41.9802643146),41.901206994,-87.676355989,POINT (-87.6763559892 41.9012069941)
e795083dc95d9af8f4321e9089cdf67fe035f09e,f7782da531b08c6ce5a1e16a8c2998f6f4f7943f29ab53713949ec17f3b4d7f8b4cd8a84da2fe7c4b0a17f1fc3439e376d3bfec25d83652dfa4468342e25f6b1,06/01/2022 12:00:00 AM,06/01/2022 12:00:00 AM,720,3,,,8,33,11.00,2.60,0.00,1.50,15.10,Credit Card,"Taxicab Insurance Agency, LLC",41.899602111,-87.633308037,POINT (-87.6333080367 41.899602111),41.857183858,-87.620334624,POINT (-87.6203346241 41.8571838585)
1331f7a37850d9673b465e85cffa6c369d5cf5af,57c40509cae37a0e5e536a657cdb7f8c6824314bc466a78ece1747f86565de8527721e24e67bcb4df69d763ca286b3c227c7993484b6c2c3d16def47a6d4a917,06/01/2022 12:00:00 AM,06/01/2022 12:15:00 AM,1320,0,,,56,8,35.50,8.00,0.00,4.00,47.50,Credit Card,Taxi Affiliation Services,41.79259236,-87.769615453,POINT (-87.7696154528 41.7925923603),41.899602111,-87.633308037,POINT (-87.6333080367 41.899602111)
168a06f236e1c1d9b6a3a4dc0147876abbf032df,9aa3a93e0b6e0555523d1554d51db2037c14c34125117b4d2fb0338cfbfc6f3b061dc70f995f56b0921260556579add12ebd3ae7b74ec6eebce00c6e0a341c19,06/01/2022 12:00:00 AM,06/01/2022 12:15:00 AM,1140,7.5,,,6,28,21.75,0.00,0.00,1.00,22.75,Cash,Taxi Affiliation Services,41.944226601,-87.655998182,POINT (-87.6559981815 41.9442266014),41.874005383,-87.66351755,POINT (-87.6635175498 41.874005383)
19bbc641459793838b74be87f17eefe052715713,b14127641a021546acb76a38801c1d4589c7e30b95d156e085617eebc15b469315bb0a6414368cad53fb5732fd8eb995fa11ab364fb3a36af5bfae8d716f8826,06/01/2022 12:00:00 AM,06/01/2022 12:30:00 AM,1481,16.2,,,56,6,40.75,9.15,0.00,4.50,54.90,Credit Card,Medallion Leasin,41.79259236,-87.769615453,POINT (-87.7696154528 41.7925923603),41.944226601,-87.655998182,POINT (-87.6559981815 41.9442266014)
348ae27d84eb78517b6ff2eae446fd1271fe483e,8942c504d38b52d769ac1800e8c7dde070687626dcae14d708c2fcc98e3f7a9fd7b7501543a9203f37d49eeba4aef40729e51cc2009b154cb08a3aa2286fab16,06/01/2022 12:00:00 AM,06/01/2022 12:15:00 AM,540,0.2,,,33,39,13.00,0.00,0.00,0.00,13.00,Unknown,Taxi Affiliation Services,41.857183858,-87.620334624,POINT (-87.6203346241 41.8571838585),41.808916283,-87.596183344,POINT (-87.5961833442 41.8089162826)
3f5d9d92080c327b2a4c05810b29e3c335e4bc9e,119db775284b2ff29c31eba3cd0166a049b0a48e4f3a6ccbfbf4ce07aa861fcf363a52f35885851d6948616b46b4f77eaba65ab72567e7ebe624d243b0c8d82e,06/01/2022 12:00:00 AM,06/01/2022 12:15:00 AM,269,0.82,,,8,32,5.50,0.00,0.00,2.50,8.00,Cash,Medallion Leasin,41.899602111,-87.633308037,POINT (-87.6333080367 41.899602111),41.878865584,-87.625192142,POINT (-87.6251921424 41.8788655841)
242e3dc017300fc3db5f339762da7e672eb76e2b,78d1ae230754ef2eca7aa3e828789bc4714b8a261a35d5a68ec99361a2ac78cadf9daceaf0feaf8965e9932ad127499fd270df74e1308b412a4da1ea8c0fbbfa,06/01/2022 12:00:00 AM,06/01/2022 12:30:00 AM,1608,18.02,,,,8,45.00,4.00,0.00,4.00,53.50,Mobile,City Service,,,,41.899602111,-87.633308037,POINT (-87.6333080367 41.899602111)
24f3599f4419edc5de48d2ed3743e2360f05983a,09fa5981c7e26333fda83e361dc043dfe136d3bd7940d29cccf81644c98653400e02b7af68fb38274addb599e107158e08360eb2909af4cabd9e951d05a55896,06/01/2022 12:00:00 AM,06/01/2022 12:30:00 AM,1080,6.3,,,6,8,19.00,5.10,0.00,1.00,25.10,Credit Card,Choice Taxi Association,41.944226601,-87.655998182,POINT (-87.6559981815 41.9442266014),41.899602111,-87.633308037,POINT (-87.6333080367 41.899602111)
5019b05178562174469782c28cbbc050311b1e6d,8f4cde3f6d55c38289233d1679f415c6442273549398887146c6322c8410b29bb3b72514e950e4f7fd080c47f88a53fa8454f8662ae92f84de30fb3da315fa89,06/01/2022 12:00:00 AM,06/01/2022 12:30:00 AM,1639,17.9,,,76,8,44.75,9.75,0.00,3.50,58.50,Credit Card,Chicago Independents,41.980264315,-87.913624596,POINT (-87.913624596 41.9802643146),41.899602111,-87.633308037,POINT (-87.6333080367 41.899602111)
542a532286b925bb2523a3483446a2d23ecafda7,466d3da29f8bfe40bb8c4bbf96621d8d545c045d50d5958fd7505318a1803ab6f21aa39f0b56b4817453e47a5a2506cb80f0650eded81b233177fc1c51060bd9,06/01/2022 12:00:00 AM,06/01/2022 12:15:00 AM,396,2.03,,,76,,8.25,0.00,0.00,8.00,16.25,Cash,Blue Ribbon Taxi Association,41.980264315,-87.913624596,POINT (-87.913624596 41.9802643146),,,
65e186596a58e0442cb1b882b86c7147cb1c36f1,33c877ad242c484ce01ba5a4447f4b699eb84d5c9a3efa293e79f1c91ff67c4d6edfb5b51f1ca3a570b0df9ab336af70c9768548e5188e06a63583f0a20428c2,06/01/2022 12:00:00 AM,06/01/2022 12:15:00 AM,600,4,,,76,,12.50,0.00,0.00,5.00,17.50,Cash,U Taxicab,41.980264315,-87.913624596,POINT (-87.913624596 41.9802643146),,,
6f59db65e47b0713548a139253c3c6479cd2b9be,66d3807bc1b0bcf7c3b90c19f7c13356cdd60995199804afe2355e2736bf4a56d616f7f783596da3bdcb6b755c43d8b26818486f213604c04b6ebbcd9b99abc8,06/01/2022 12:00:00 AM,06/01/2022 12:15:00 AM,931,7.63,,,33,6,21.50,0.00,0.00,0.00,21.50,Prcard,Flash Cab,41.857183858,-87.620334624,POINT (-87.6203346241 41.8571838585),41.944226601,-87.655998182,POINT (-87.6559981815 41.9442266014)
8499552e1549f13a41063060534f69c292a7cddf,4a8861a835a9dbd2b8b56baf50d2e7d1dde4be4b8eccd919e658f28f3ce1e72ee47a9c505e2f4e2477db62281e5ed2333f57ddeb984f6bfc23330dcfe64b41e1,06/01/2022 12:00:00 AM,06/01/2022 12:15:00 AM,724,4.33,,,76,,13.50,0.00,0.00,4.00,17.50,Cash,Star North Taxi Management Llc,41.980264315,-87.913624596,POINT (-87.913624596 41.9802643146),,,
8436205d622ffa6db33ff8ce56b76d735e71d722,7ed122481c0964a5555309bf4696e25bbf7def086d7ecb94b4910b6129501468f748621f8c51a9e0daaaa8ecca9624925356a53e2860cefdbc3caf730404d9a9,06/01/2022 12:00:00 AM,06/01/2022 12:15:00 AM,540,0,,,32,6,14.65,2.20,0.00,0.00,16.85,Credit Card,"Taxicab Insurance Agency, LLC",41.878865584,-87.625192142,POINT (-87.6251921424 41.8788655841),41.944226601,-87.655998182,POINT (-87.6559981815 41.9442266014)
736942a03b11171f1ad592d51ad9d59849280ca1,a8a92489a3ae6b147c7a797ed38514252cd091e9e9a7bf6bc5019a9adea32e97f35445600095833bc91333840a7b11aeeab678d6d57606444b246ec3279186c5,06/01/2022 12:00:00 AM,06/01/2022 12:15:00 AM,633,3.8,,,,,12.25,3.35,0.00,4.00,20.10,Credit Card,Globe Taxi,,,,,,
787e4ece535eb08e16223f871e8d454765b62184,9e402f28d4da35014d6f3171cf85336476cebfccf7904890ade2c60e59cbea30c5c169ee75b6d7e764d25d327b9c047a014c01673b61a9069d6bb6f7e023fe9c,06/01/2022 12:00:00 AM,06/01/2022 12:45:00 AM,2160,18.3,,,76,32,47.50,0.00,0.00,5.00,52.50,Credit Card,"Taxicab Insurance Agency, LLC",41.980264315,-87.913624596,POINT (-87.913624596 41.9802643146),41.878865584,-87.625192142,POINT (-87.6251921424 41.8788655841)
78da3ca0938ad9d26d4069230d9b4997402b42cc,c57508f365f1bdac3be5e7de12fb19c8d669c37d515e41ce850c82ddb102742fa9fe614b9f87db01a764b52beccd09e57172ff3c513cfd4799828feb8c94028c,06/01/2022 12:00:00 AM,06/01/2022 12:30:00 AM,1490,17.05,,,76,32,42.50,11.75,0.00,4.00,58.75,Credit Card,Flash Cab,41.980264315,-87.913624596,POINT (-87.913624596 41.9802643146),41.878865584,-87.625192142,POINT (-87.6251921424 41.8788655841)
945e92cde36f752822ef0f4ccde75562dbbf936e,5f9b8ebe05b8a28245cdc7b2c203aa8997bd86c7d87b05ced10faba715b760bbc484f3cb5f219abad87a2077054c1aeb1fcaacf348d9c9a60a82b0cacf67d00b,06/01/2022 12:00:00 AM,06/01/2022 12:15:00 AM,640,2.24,,,6,5,9.50,0.00,0.00,0.00,9.50,Cash,Flash Cab,41.944226601,-87.655998182,POINT (-87.6559981815 41.9442266014),41.947791586,-87.683834942,POINT (-87.6838349425 41.9477915865)
9749754aca6508e8e76b53afa9827c7b2ee22abf,1bb291b27cad860cc5e09ee3aea1261128edd297b00374adfcc6e40321f6310ee5b8472821d03d84ae58d1c7773410fd3c81cafd92ff2f3a1534df351322a0a5,06/01/2022 12:00:00 AM,06/01/2022 12:15:00 AM,1625,18.15,17031980000,17031081403,76,8,44.75,0.00,0.00,4.00,48.75,Cash,Sun Taxi,41.97907082,-87.903039661,POINT (-87.9030396611 41.9790708201),41.890922026,-87.618868355,POINT (-87.6188683546 41.8909220259)
a8a271531fb237bb8c6726b8d41cac6e4acc1dcb,a9263292f54a406cd0fb2bac808b9aaca91f770ad5e0fdb9f4ef446a77fe5b81144b2f88e1190ccf7045dc675362bd31b514fa0c5a5f5f6107bfd78693682805,06/01/2022 12:00:00 AM,06/01/2022 12:00:00 AM,360,3,,,35,39,10.00,0.00,0.00,0.00,10.00,Cash,Taxi Affiliation Services,41.835117986,-87.618677767,POINT (-87.6186777673 41.8351179863),41.808916283,-87.596183344,POINT (-87.5961833442 41.8089162826)
b32b0259e817fd15fb5265254db53b681a9eb3ce,3f46ef398d3308fb9794b8c5de450a88439d16c47b77b79398f0e84b804e7aad4789cb5ee08f74c8b7f89a444653706802a31cfdc8b99d3867a16794641fb759,06/01/2022 12:00:00 AM,06/01/2022 12:15:00 AM,1011,10.96,,,,,28.50,0.00,0.00,8.00,36.50,Cash,Sun Taxi,,,,,,
bd33c9aae920e45daa45643366bf4d2c97f35748,f6b057fe5c09fb2968b2d9aee87ba36e9c50f6c343ffdde036b0096909f605f459a1f043063bb4d6c0e386675ca935e3174f37708cd9527557da3f6de3d59c71,06/01/2022 12:00:00 AM,06/01/2022 12:30:00 AM,1103,11.88,,,77,34,30.25,0.00,0.00,0.00,30.25,Prcard,Flash Cab,41.9867118,-87.663416405,POINT (-87.6634164054 41.9867117999),41.842076117,-87.633973422,POINT (-87.6339734222 41.8420761168)
a10bd04fdd832711862a3c50825d7f6056421c0c,be435bc4d6744155b3272e9edded016bd4afb34777470147a81d6a7e77f17dd155fdd830169271731a5316e9a6c565a619903ae4f116598fcfb9bf22591850a2,06/01/2022 12:00:00 AM,06/01/2022 12:15:00 AM,1083,12.34,,17031081403,,8,31.75,5.51,0.00,4.50,42.26,Credit Card,Medallion Leasin,,,,41.890922026,-87.618868355,POINT (-87.6188683546 41.8909220259)
cded5652f1d47b2be266308dd5a41e33646d57a5,119db775284b2ff29c31eba3cd0166a049b0a48e4f3a6ccbfbf4ce07aa861fcf363a52f35885851d6948616b46b4f77eaba65ab72567e7ebe624d243b0c8d82e,06/01/2022 12:00:00 AM,06/01/2022 12:00:00 AM,42,0,,,8,8,3.25,0.00,0.00,4.50,7.75,Cash,Medallion Leasin,41.899602111,-87.633308037,POINT (-87.6333080367 41.899602111),41.899602111,-87.633308037,POINT (-87.6333080367 41.899602111)
d794ca520a4bba23e18a315bb63fd6d7ab7b6243,ee8db2d81185fbc54a4bb998b4d2c0bed0903eb629aa8ee0214ccc82ad453fb9b4b8d3d5e613845b140a73e8eecf49fd6a9a4f084f5d64624c143ba7395a09e6,06/01/2022 12:00:00 AM,06/01/2022 12:30:00 AM,1560,1.1,,,56,3,45.75,10.25,0.00,5.00,61.00,Credit Card,Taxi Affiliation Services,41.79259236,-87.769615453,POINT (-87.7696154528 41.7925923603),41.96581197,-87.655878786,POINT (-87.6558787862 41.96581197)
bb2e45e314c6920a4f306d6f43e4599f7ab69953,84522a85ee58de9e1dfd59459786cf9459b11889128b6ab448b516a63b55658098ecaed02c599c4960d1e188567ddcccff16e4f352c1cc0c9aa8b13c5ca913cd,06/01/2022 12:00:00 AM,06/01/2022 12:30:00 AM,1380,0.8,,,21,41,35.50,0.00,0.00,0.00,35.50,Unknown,Taxi Affiliation Services,41.938666196,-87.711210593,POINT (-87.7112105933 41.9386661962),41.794090253,-87.592310855,POINT (-87.592310855 41.794090253)
bfd27f6564da9f8a62b089fcf672e47a72cb27a4,75ff7e74c62fa9fb70671ee63e3c87153b3037fe0c74906bef814b2e750fa1feb6b8fa367f0a751d8f696b543ee0794dc7d3ee2707c76224a664e5e8012aeba6,06/01/2022 12:00:00 AM,06/01/2022 01:00:00 AM,3010,34.91,,,76,46,88.53,0.00,0.00,0.00,88.53,Cash,Flash Cab,41.980264315,-87.913624596,POINT (-87.913624596 41.9802643146),41.741242728,-87.551428197,POINT (-87.551428197 41.7412427285)
e52dc60567e4c47b06efbd4a0066d0f3ecc1db05,9b954fdb175c1546d40a6e75f670f2d5f25b49a5adb4de7b64b076f249d8b6c2b75b9bb6191d3b965a9592b066d836c6801b3488f2ebe34d34b39110e98cddf3,06/01/2022 12:00:00 AM,06/01/2022 12:15:00 AM,780,5.1,,,76,,15.50,0.00,0.00,5.50,21.00,Cash,U Taxicab,41.980264315,-87.913624596,POINT (-87.913624596 41.9802643146),,,
e3f2848cb71a765352c2f6bd84d7e14455cf2717,89ee7f39a29ed33f083ce17d20e0d9f7a07528a5188084e8b2667e61396aa95082a3dc5e7ac48c326a7ddd674f76e5c5b2a47931e35585a62737e64edb44f993,06/01/2022 12:00:00 AM,06/01/2022 12:30:00 AM,1500,18.7,,,56,3,46.00,0.00,0.00,0.00,46.00,Unknown,Taxi Affiliation Services,41.79259236,-87.769615453,POINT (-87.7696154528 41.7925923603),41.96581197,-87.655878786,POINT (-87.6558787862 41.96581197)
eac534a3925d84747ef8385281055e0bf817f142,342474dd3a24c9d5b7dbc2514032a01ecb396624638be510614948e1bfbcaff802b12a713e58742d8597899edbcf1c4926ae2238b9612b4f8c10faad33621650,06/01/2022 12:00:00 AM,06/01/2022 12:30:00 AM,1380,13.2,,,56,22,34.00,7.70,0.00,4.00,45.70,Credit Card,Taxi Affiliation Services,41.79259236,-87.769615453,POINT (-87.7696154528 41.7925923603),41.92276062,-87.699155343,POINT (-87.6991553432 41.9227606205)
ec40bfc8c77d75038b36fc8c111660a63f2c12c1,0cbf5c0f6aca3628d77c7b6fe89715757ed402a70b0f8b546f175f2f0f8b051cbf2586f93f658f5b91675cbcec559ff886c7b477bf25fbc1f32c4e252f3f3435,06/01/2022 12:00:00 AM,06/01/2022 12:30:00 AM,1645,17.61,,,76,8,43.75,7.54,0.00,6.00,57.79,Credit Card,Globe Taxi,41.980264315,-87.913624596,POINT (-87.913624596 41.9802643146),41.899602111,-87.633308037,POINT (-87.6333080367 41.899602111)
fe12b1d6fcaa1715bb55fd803339b9b927458956,00752524a4118a162dce62ff49c0eb0f79530d9e0ecb5a9b0d23deae98ef2ab2bc84831d2191950da25620e550ad69840e1d02f69d49ab1d9b2b4387e31c2af1,06/01/2022 12:00:00 AM,06/01/2022 12:30:00 AM,1080,12.1,,,56,32,30.50,7.00,0.00,4.00,41.50,Credit Card,Taxi Affiliation Services,41.79259236,-87.769615453,POINT (-87.7696154528 41.7925923603),41.878865584,-87.625192142,POINT (-87.6251921424 41.8788655841)
f1bdd09980def0f93c6ae04c1d2b4792d0eb14b9,4b034948aceedd53262ae713f864b0364953a1852b6b24669f192cad26c5014f1af0b6c87b941abb1fa93e1abbe09f70d7f02d48e5371d2c55534b68565a3060,06/01/2022 12:00:00 AM,06/01/2022 12:15:00 AM,797,1.8,,,32,8,9.50,0.00,0.00,0.00,9.50,Cash,Sun Taxi,41.878865584,-87.625192142,POINT (-87.6251921424 41.8788655841),41.899602111,-87.633308037,POINT (-87.6333080367 41.899602111)
f43743d4ba357e1db1e11112fe79127efc791de8,c4c426cd131fa75995a86433c4078631b49bce91149db71e7ef29c10a3702b978b3d305631720cbfe1b5f086bfaa23718885df7af7b7da91542a90c5d1f3f8bb,06/01/2022 12:00:00 AM,06/01/2022 12:30:00 AM,1343,9.28,,,,15,25.50,6.00,0.00,4.00,36.00,Mobile,Sun Taxi,,,,41.954027649,-87.763399032,POINT (-87.7633990316 41.9540276487)
f68c39bb33c582f6f257c162a623acdd59c9d82b,70310ef891a6c3b2bc1ec7968765c6490fd04a8af40d69e0d0dc94ce0b5b5f329be63005eff54aa43f384ff72ce921e975e1230d53b56301ce5225b5c3095133,06/01/2022 12:00:00 AM,06/01/2022 12:15:00 AM,1020,8.5,,,28,69,23.75,0.00,0.00,0.00,23.75,Cash,Taxi Affiliation Services,41.874005383,-87.66351755,POINT (-87.6635175498 41.874005383),41.763246799,-87.616134111,POINT (-87.6161341112 41.7632467988)
0e257816ee3738e3b15adb9a94d06f0875b50faf,f22d372580a91dd7d12e47e7097cae55385ae91857e36b7905ed26e666e43afa294c97a87c9874a35a6e413bf42eab7955736ad2aa6388e43fdadd719d343796,06/01/2022 12:15:00 AM,06/01/2022 12:30:00 AM,774,3.6,,,,,12.00,3.50,0.00,5.00,21.00,Credit Card,City Service,,,,,,
132fae390d2e72c7870f11cc3b0d8086546225e1,4fd6cc40972b7fd3e026723f0fc4928d7f3159ea0e0822b1cb2cb763e6d3d419be787835d9dd08715f7447db097fd3ee08a599372ed9c2e99978e0447d6fa1d3,06/01/2022 12:15:00 AM,06/01/2022 12:15:00 AM,240,1,,,6,6,5.50,0.00,0.00,1.00,6.50,Cash,Taxi Affiliation Services,41.944226601,-87.655998182,POINT (-87.6559981815 41.9442266014),41.944226601,-87.655998182,POINT (-87.6559981815 41.9442266014)
101a886d7239631daf709f39037f83c25139c91b,a500c0da8fa893c9bdff48770ab8acfcb8d874014a09a9bfbff7f3e682919e522adb81b4d4036f38f7fd9b6475d1bfe50c0ec5d1805bc67d21281e800073adcf,06/01/2022 12:15:00 AM,06/01/2022 12:30:00 AM,1080,0.4,,,28,6,19.25,4.15,0.00,1.00,24.40,Credit Card,Taxi Affiliation Services,41.874005383,-87.66351755,POINT (-87.6635175498 41.874005383),41.944226601,-87.655998182,POINT (-87.6559981815 41.9442266014)
15c9a703b9de17839b788cce5deb61228e14ac33,2059659f66366de2e2b2e0ea721c8a4f18d61f51547a04b359ed84510af152701b3d912f8cab34a83cf6e39812d037d677d9c92aa4484fc512b7443433289f8c,06/01/2022 12:15:00 AM,06/01/2022 12:15:00 AM,588,2.96,,,7,8,10.25,0.00,0.00,0.00,10.25,Cash,Sun Taxi,41.922686284,-87.649488729,POINT (-87.6494887289 41.9226862843),41.899602111,-87.633308037,POINT (-87.6333080367 41.899602111)
158c7e45931ce26b4de5b3a315e145fc7f0716c8,54ab53ea65bdfb30a1d764d23fa4f40261b6d8a657125abb18bb2d51deb130f318cf86d6595dd4fda9ce4ddbdfffe93384bb37326ff39d3a78da8a382a4b4d81,06/01/2022 12:15:00 AM,06/01/2022 12:15:00 AM,324,0.78,,,8,7,5.75,0.00,0.00,0.00,5.75,Cash,Flash Cab,41.899602111,-87.633308037,POINT (-87.6333080367 41.899602111),41.922686284,-87.649488729,POINT (-87.6494887289 41.9226862843)
1de4684e835c5485304db6ee47f3a255d91fcc04,78893d83a12762723e5a8ef770b3fb541e9b2cd8d4316d708a441760143a4ef1e313205a8801abec9e7a152b970f673d3f9b990c228de3a6499b933d7e9aedc9,06/01/2022 12:15:00 AM,06/01/2022 12:30:00 AM,900,3.7,,,6,24,13.00,0.00,0.00,1.00,14.00,Cash,Choice Taxi Association,41.944226601,-87.655998182,POINT (-87.6559981815 41.9442266014),41.901206994,-87.676355989,POINT (-87.6763559892 41.9012069941)
3c270ab13538d8d71765983dea19296b3e43a753,e2d8418fcdb061eee0a4318fba0a6a1200aaff0143feb0a74c7175a02ec7afca09f8c24de278cd0dee124d29dbfb2796407d069b90dfc13353d5d4ed02ecb0d5,06/01/2022 12:15:00 AM,06/01/2022 12:30:00 AM,931,3.25,,,6,24,12.10,2.78,0.00,0.00,14.88,Mobile,Chicago Independents,41.944226601,-87.655998182,POINT (-87.6559981815 41.9442266014),41.901206994,-87.676355989,POINT (-87.6763559892 41.9012069941)
410323112003870ff3ef45b106f2c7d4802ee4b9,e1e230a5ba682580ef4cf4c33d09483e7442f5458733c401a28955d18958fcc422244ea8464f0dc8c45d362fc5085700050874fe19613c3b6988716e7a6238be,06/01/2022 12:15:00 AM,06/01/2022 12:45:00 AM,1306,11.08,,,8,,31.00,0.00,0.00,0.00,31.00,Prcard,Flash Cab,41.899602111,-87.633308037,POINT (-87.6333080367 41.899602111),,,
2a0c1a4515563737cc75dba93fca533223ee8787,8b1a88e5a09cfd55ca72d267f00f56fa50a42aa322bdfe4c7d1987472194b28fc5e15d53fe0706df3088ee2b3d7d5bb71396c1cde9a99a832a543675ed76dc95,06/01/2022 12:15:00 AM,06/01/2022 12:30:00 AM,588,0,,,33,32,9.00,3.11,0.00,0.00,12.11,Mobile,Flash Cab,41.857183858,-87.620334624,POINT (-87.6203346241 41.8571838585),41.878865584,-87.625192142,POINT (-87.6251921424 41.8788655841)
28c4ea763cae719469d768ae1e59594ba76b6c3a,bca79085da78d157007711d04c6e06f655ee5eafb1e5b654033c2f34fcea1d1fd230b48cff6ab67c598d1baa406d0689fd207404711267f2d56fdd93e3a0e6ec,06/01/2022 12:15:00 AM,06/01/2022 12:15:00 AM,5,0,,,76,76,3.25,0.00,0.00,6.50,9.75,Cash,Flash Cab,41.980264315,-87.913624596,POINT (-87.913624596 41.9802643146),41.980264315,-87.913624596,POINT (-87.913624596 41.9802643146)
2f6d1ad2aa7af26c0fabc3d3920eebcc3856e413,1faf91220a6cf3f0796171853d220b94ea854732990c5674ae519cfa76806973dc8ff011cec176172e51e2622a8edb6c619ddc30fe5a4a0c1e6f58d46d948644,06/01/2022 12:15:00 AM,06/01/2022 12:30:00 AM,1415,10.9,,,76,19,29.25,0.00,0.00,5.00,34.25,Cash,Chicago Independents,41.980264315,-87.913624596,POINT (-87.913624596 41.9802643146),41.927260956,-87.765501609,POINT (-87.7655016086 41.9272609555)
2fe22540052cbe4cc9710835a790821419c70f37,6dbac74c2838addb28d0bf34cf126cf1624cc61180bfb2f89753e3502a23830135b61ebb9ce5902c21cc58a8587ca4f9a369cba30ca46a136813508f1e3cc4c7,06/01/2022 12:15:00 AM,06/01/2022 01:00:00 AM,2307,27.35,,,,62,65.75,14.35,0.00,5.50,86.10,Credit Card,Taxicab Insurance Agency Llc,,,,41.792981903,-87.724208194,POINT (-87.7242081939 41.7929819032)
428440f8eccb5aee6e234df48e5e3a2fd558ec9d,33f43a33cd31fb3180605dd8e8a1fc7be005a9848fb16e2a5e2db12acbe31c7458af3575e38046c8416f1ca087ff3f8181ce5b10a1c556d9c60676374b516b8b,06/01/2022 12:15:00 AM,06/01/2022 12:45:00 AM,1943,18.79,,,76,33,47.75,10.45,0.00,4.00,62.70,Mobile,Flash Cab,41.980264315,-87.913624596,POINT (-87.913624596 41.9802643146),41.857183858,-87.620334624,POINT (-87.6203346241 41.8571838585)
48fd5b3af8021e4cc5d7c965e10464c2240db059,ad0ad3b00e143317e02602396f16dde8fd30faefd491d66e881187018dcbef8cb9dd58578b8fec9d59bdcac28267ff05e21d0891794b5bad5603eef67d287820,06/01/2022 12:15:00 AM,06/01/2022 12:30:00 AM,1439,10.47,,,76,11,28.25,0.00,0.00,5.00,33.25,Cash,City Service,41.980264315,-87.913624596,POINT (-87.913624596 41.9802643146),41.978829526,-87.771166703,POINT (-87.771166703 41.9788295262)
4cf5861bee399b1dd93b88c7b5963328d88249c5,db757f6c1157d9f81e266396132cd641837c189b803c52df09f005d4aaa36fa8f3c786b71c307bad992636122a7c61873571d96ff24468fd19e4f40d00a3da15,06/01/2022 12:15:00 AM,06/01/2022 12:30:00 AM,782,5.5,,,32,26,16.75,0.00,0.00,0.00,16.75,Cash,Flash Cab,41.878865584,-87.625192142,POINT (-87.6251921424 41.8788655841),41.878594358,-87.730232428,POINT (-87.7302324284 41.8785943576)
556ba2791b65d71122c26412b2af800370415e7a,f348e984b4993a2adefe269223c0dc45403776cfe368d63331667b1d56575b405383fc63a5035a586dd310847557be3e48dbb91238309b1756a520a1c788e107,06/01/2022 12:15:00 AM,06/01/2022 12:15:00 AM,667,2.96,,,76,,11.00,0.00,0.00,4.50,16.00,Credit Card,Medallion Leasin,41.980264315,-87.913624596,POINT (-87.913624596 41.9802643146),,,
579b6a483a5e2c995f2cad17e61f9e385abe8c4c,fbaffead610ff2c1399de672ab9c0be66b2305352b22e373a2f2ed4798c45cd6d1d53bfc1d3187ecddacbe0dd59c7b115b4bc7f3a7e159c4b333f0a25164618f,06/01/2022 12:15:00 AM,06/01/2022 12:30:00 AM,1355,15.92,,,76,8,39.50,2.20,0.00,4.00,46.20,Credit Card,Medallion Leasin,41.980264315,-87.913624596,POINT (-87.913624596 41.9802643146),41.899602111,-87.633308037,POINT (-87.6333080367 41.899602111)
5e7cf7b5e5202a0dbce3e8d31164865fba7b50b9,7e179f8ef66ae99ec2d1ec89224e0b7ee5469fe5627f6dc2e8b9f1843e432dc471d29f9c22edef4dcc3d22060f4818321e988f698797827307339a0953b30ed4,06/01/2022 12:15:00 AM,06/01/2022 12:45:00 AM,2095,7.52,,,2,2,24.25,0.00,0.00,0.00,24.25,Prcard,Flash Cab,42.001571027,-87.695012589,POINT (-87.6950125892 42.001571027),42.001571027,-87.695012589,POINT (-87.6950125892 42.001571027)
5bb1358fb73cb2a42f50ad396bfebbeb95d0545e,561fbb8af15689fe33fb11b96905cfb95d11ac44700c1a476e474b9b19d4dc24fec8cbfe3df913dc2ee78f919bd0b1cb416be0bc3b0a431d4335bfae2df63278,06/01/2022 12:15:00 AM,06/01/2022 12:15:00 AM,436,0,,,28,24,10.10,2.32,0.00,0.00,12.42,Mobile,Flash Cab,41.874005383,-87.66351755,POINT (-87.6635175498 41.874005383),41.901206994,-87.676355989,POINT (-87.6763559892 41.9012069941)
5aa9c1707d71c2b925b75f2ddc9f7b4d287fa3bc,a325b14b280bbfdff06d740fb9ef083a12af4310f364020ea9b5eba3cb45fa79086de21ccaeca0ca83dd96c3454385d99e12aca779663208b1ea50edc8244856,06/01/2022 12:15:00 AM,06/01/2022 12:30:00 AM,1320,8.8,,,56,,24.00,6.00,0.00,5.00,35.00,Credit Card,Taxi Affiliation Services,41.79259236,-87.769615453,POINT (-87.7696154528 41.7925923603),,,
5ad51fd17289343eecb9acbaf3010d4f1ece155b,0cae7ec64456b1830bd58df1991f046410f5506cf28b3aa16b6d5c4940b44ff0ca069324233093161b43d212c2c5eac61536cfa6e3284117bb62ee4105e945b1,06/01/2022 12:15:00 AM,06/01/2022 12:30:00 AM,840,0.3,,,6,1,15.75,0.00,0.00,0.00,15.75,Cash,Taxi Affiliation Services,41.944226601,-87.655998182,POINT (-87.6559981815 41.9442266014),42.009622881,-87.670166857,POINT (-87.6701668569 42.0096228806)
5dfe2a3c8cfd23c8469c2998d856d1dd2b0ed156,73c53bd1d015d25541aa53570b7f1dd2227cf25b2bed0c08ea9c6099486dd35610416f2bf9937bafe3519b2fbbedd051c719c7b50af95eab8079e03ae86992af,06/01/2022 12:15:00 AM,06/01/2022 12:15:00 AM,0,0,,,56,56,3.25,0.00,0.00,0.00,3.25,Cash,Taxi Affiliation Services,41.79259236,-87.769615453,POINT (-87.7696154528 41.7925923603),41.79259236,-87.769615453,POINT (-87.7696154528 41.7925923603)
5f625f55e9d675ba41778388c3ba39325f7a93b9,00c152d49563ae56e208fde25f6c65b08511d0f50259d1d902901595502fc63779169df8a8e232c444151efd3aa8fc404272dc3956cf0dedfedccea5c7cfe024,06/01/2022 12:15:00 AM,06/01/2022 12:45:00 AM,1589,17.82,,17031081403,,8,44.25,7.00,0.00,4.00,55.75,Credit Card,City Service,,,,41.890922026,-87.618868355,POINT (-87.6188683546 41.8909220259)
648a9e8fb7992f60045b2ad67e7f7b93e5c07ab8,54f9ba36584d6915e95cdf3394cdc46ed49c4a57cb0eb230a68ae6da9a6e7d7a6c7895c87389292b18960a61c843f530e9c653fe36d72f0d3174bd0a61ab264a,06/01/2022 12:15:00 AM,06/01/2022 12:30:00 AM,1114,6.98,,,76,,20.50,0.00,0.00,6.00,26.50,Cash,Sun Taxi,41.980264315,-87.913624596,POINT (-87.913624596 41.9802643146),,,
601eb31faaf8200a09a469f409e1947247c36fe4,d6fd39863cdce99011c7282605bedf70d9d059ecf0da5e93242f3de6c55f79b8dfe37a4f5fbc09e022d9a1e7c5be50360aa1852d04f9e42695742191ccb25606,06/01/2022 12:15:00 AM,06/01/2022 12:45:00 AM,1912,12.8,,,76,4,33.75,9.56,0.00,4.00,47.81,Credit Card,Chicago Independents,41.980264315,-87.913624596,POINT (-87.913624596 41.9802643146),41.975170943,-87.687515515,POINT (-87.6875155152 41.9751709433)
6ae60c289951bd7358b3592924a997abc09cc4fb,332d91df72ca990499bcd315dda5decb444abfd0cb3875c2a85da0d8248f3c858798df8f11a02e87f16b1a1b6c4055329030013e809c2f28926e0a1f6f117116,06/01/2022 12:15:00 AM,06/01/2022 12:30:00 AM,1260,0,,,76,8,41.75,5.00,0.00,5.00,51.75,Credit Card,Taxi Affiliation Services,41.980264315,-87.913624596,POINT (-87.913624596 41.9802643146),41.899602111,-87.633308037,POINT (-87.6333080367 41.899602111)
6cf4267f2568830a3959f7fd67f025b869c4ca69,a0144e27e6b11720292c08c38cc696f14e6254bbbad9719b78f017a6b01f99447cb485124377fdcc851e412403e14575490b637104cf6f1bf65858571a8e1e9f,06/01/2022 12:15:00 AM,06/01/2022 12:15:00 AM,0,0,,,41,41,3.25,2.00,0.00,27.00,32.25,Credit Card,Taxi Affiliation Services,41.794090253,-87.592310855,POINT (-87.592310855 41.794090253),41.794090253,-87.592310855,POINT (-87.592310855 41.794090253)
7010bcc49bad8aeb6a56f2f559db40cc2ce70556,c7cc8a8dd5c3f7358d0f48468702ebd3a8fe989dfa9ee23fc9d77e0e4f265a20327bedd0ce26646fb1e2e6c4d6962f740ca13ce8ccdfaff3d9f7500c94c0883b,06/01/2022 12:15:00 AM,06/01/2022 12:30:00 AM,1080,0.6,,,56,28,27.25,10.35,0.00,4.00,41.60,Credit Card,Taxi Affiliation Services,41.79259236,-87.769615453,POINT (-87.7696154528 41.7925923603),41.874005383,-87.66351755,POINT (-87.6635175498 41.874005383)
835cc3740b0e38d43382e12324ec6c79d3792407,6adb02556453c79096b14273579cbc9db7df43dd51e443d7c851eb1b44409f91014edba53645d741741efdf5c56f8f615fdabaca50d0d5b64300c87cc80ce144,06/01/2022 12:15:00 AM,06/01/2022 12:45:00 AM,1485,17.45,,,76,8,43.00,5.00,0.00,4.00,52.50,Credit Card,Sun Taxi,41.980264315,-87.913624596,POINT (-87.913624596 41.9802643146),41.899602111,-87.633308037,POINT (-87.6333080367 41.899602111)
8612f9020a57b780775036d1db820a0d41463097,5049a881794cbcd4edeefbf2994d32b00c88189a516a5fdf96334eb278e59bcf0d086912dceef450d849d9e1e404941e33ca69d9eb6cee0450f5c53b908e4c48,06/01/2022 12:15:00 AM,06/01/2022 12:15:00 AM,240,0.6,,,28,28,4.75,2.00,0.00,0.00,6.75,Credit Card,Taxi Affiliation Services,41.874005383,-87.66351755,POINT (-87.6635175498 41.874005383),41.874005383,-87.66351755,POINT (-87.6635175498 41.874005383)
899496856a94ce40f441b4297cc0161b2b5b2d6e,ac1f0defd00d6b7417e39256ebe1cad16b64955f9a64f2eaecee6f54e52ec118133f687c8b6603d6e9a27d86a8921fc30e1458e804686d05f9cb83751fac3382,06/01/2022 12:15:00 AM,06/01/2022 12:15:00 AM,0,0,,,4,4,10.50,0.00,0.00,0.00,10.50,Cash,Taxi Affiliation Services,41.975170943,-87.687515515,POINT (-87.6875155152 41.9751709433),41.975170943,-87.687515515,POINT (-87.6875155152 41.9751709433)
